record_type,record_id,collected_at,observed_at,forecast_hours,name,commune,district,province,latitude,longitude,rainfall_mm,risk_level,flash_flood_risk,color,source
landslide_warning,nchmf-30020778-5835,2026-07-23T15:44:45+07:00,2026-07-23T15:00:00+07:00,6,Thị trấn Mường Tè,Bum Tở,Mường Tè,Lai Châu,22.38,102.809,83.2,Trung bình,Trung bình,,NCHMF
landslide_warning,nchmf-30020779-5830,2026-07-23T15:44:45+07:00,2026-07-23T15:00:00+07:00,6,Xã Bum Nưa,Hua Bum,Mường Tè,Lai Châu,22.384,102.88,84.8,Trung bình,Trung bình,,NCHMF
landslide_warning,nchmf-30020779-5830,2026-07-23T15:44:45+07:00,2026-07-23T15:00:00+07:00,6,Xã Bum Nưa,Bum Nưa,Mường Tè,Lai Châu,22.384,102.88,84.8,Trung bình,Trung bình,,NCHMF
landslide_warning,nchmf-30020780-5831,2026-07-23T15:44:45+07:00,2026-07-23T15:00:00+07:00,6,Xã Bum Tở,Bum Tở,Mường Tè,Lai Châu,22.436,102.775,104.6,Cao,Cao,,NCHMF
landslide_warning,nchmf-30020787-5876,2026-07-23T15:44:45+07:00,2026-07-23T15:00:00+07:00,6,Xã Làng Mô,Tủa Sín Chải,Sìn Hồ,Lai Châu,22.214,103.27,64.2,Trung bình,Trung bình,,NCHMF
landslide_warning,nchmf-30020784-5845,2026-07-23T15:44:45+07:00,2026-07-23T15:00:00+07:00,6,Xã Lê Lợi,Lê Lợi,Nậm Nhùn,Lai Châu,22.093,103.158,61.2,Trung bình,Trung bình,,NCHMF
landslide_warning,nchmf-30020785-5848,2026-07-23T15:44:45+07:00,2026-07-23T15:00:00+07:00,6,Xã Nậm Chà,Mường Mô,Nậm Nhùn,Lai Châu,22.132,102.843,58.8,Trung bình,Trung bình,,NCHMF
landslide_warning,nchmf-30020788-5880,2026-07-23T15:44:45+07:00,2026-07-23T15:00:00+07:00,6,Xã Nậm Cuổi,Nậm Cuổi,Sìn Hồ,Lai Châu,22.119,103.508,120.4,Cao,Cao,,NCHMF
landslide_warning,nchmf-30020789-5881,2026-07-23T15:44:45+07:00,2026-07-23T15:00:00+07:00,6,Xã Nậm Hăn,Nậm Cuổi,Sìn Hồ,Lai Châu,22.035,103.5,94.2,Cao,Cao,,NCHMF
landslide_warning,nchmf-30020786-5849,2026-07-23T15:44:45+07:00,2026-07-23T15:00:00+07:00,6,Xã Nậm Hàng,Nậm Hàng,Nậm Nhùn,Lai Châu,22.192,103.016,79.8,Trung bình,Trung bình,,NCHMF
landslide_warning,nchmf-30020781-5837,2026-07-23T15:44:45+07:00,2026-07-23T15:00:00+07:00,6,Xã Nậm Khao,Mường Tè,Mường Tè,Lai Châu,22.442,102.681,87.2,Trung bình,Trung bình,,NCHMF
landslide_warning,nchmf-30020782-5838,2026-07-23T15:44:45+07:00,2026-07-23T15:00:00+07:00,6,Xã Pa ủ,Pa Ủ,Mường Tè,Lai Châu,22.613,102.688,88.8,Trung bình,Trung bình,,NCHMF
landslide_warning,nchmf-30020783-5841,2026-07-23T15:44:45+07:00,2026-07-23T15:00:00+07:00,6,Xã Tà Tổng,Tà Tổng,Mường Tè,Lai Châu,22.301,102.612,72.0,Trung bình,Trung bình,,NCHMF
landslide_warning,nchmf-30020817-2555,2026-07-23T15:44:45+07:00,2026-07-23T15:00:00+07:00,6,Phường Na Lay,P. Mường Lay,TX.Mường Lay,Điện Biên,22.033,103.157,70.0,Trung bình,Trung bình,,NCHMF
landslide_warning,nchmf-30020818-2556,2026-07-23T15:44:45+07:00,2026-07-23T15:00:00+07:00,6,Phường Sông Đà,P. Mường Lay,TX.Mường Lay,Điện Biên,22.075,103.113,73.4,Trung bình,Trung bình,,NCHMF
landslide_warning,nchmf-30020791-2500,2026-07-23T15:44:45+07:00,2026-07-23T15:00:00+07:00,6,Thị trấn Mường Ảng,Mường Ảng,Mường Ảng,Điện Biên,21.519,103.217,52.0,Trung bình,Trung bình,,NCHMF
landslide_warning,nchmf-30020792-2496,2026-07-23T15:44:45+07:00,2026-07-23T15:00:00+07:00,6,Xã Ẳng Cang,Mường Ảng,Mường Ảng,Điện Biên,21.477,103.21,52.8,Trung bình,Trung bình,,NCHMF
landslide_warning,nchmf-30020793-2497,2026-07-23T15:44:45+07:00,2026-07-23T15:00:00+07:00,6,Xã Ẳng Nưa,Mường Ảng,Mường Ảng,Điện Biên,21.518,103.182,57.0,Trung bình,Trung bình,,NCHMF
landslide_warning,nchmf-30020794-2498,2026-07-23T15:44:45+07:00,2026-07-23T15:00:00+07:00,6,Xã Ẳng Tở,Búng Lao,Mường Ảng,Điện Biên,21.566,103.268,62.8,Trung bình,Trung bình,,NCHMF
landslide_warning,nchmf-30020801-2516,2026-07-23T15:44:45+07:00,2026-07-23T15:00:00+07:00,6,Xã Chung Chải,Mường Nhé,Mường Nhé,Điện Biên,22.277,102.421,67.0,Trung bình,Trung bình,,NCHMF
landslide_warning,nchmf-30020795-11624,2026-07-23T15:44:45+07:00,2026-07-23T15:00:00+07:00,6,Xã Hừa Ngài,Nậm Nèn,Mường Chà,Điện Biên,21.862,103.216,83.2,Trung bình,Trung bình,,NCHMF
landslide_warning,nchmf-30020795-11624,2026-07-23T15:44:45+07:00,2026-07-23T15:00:00+07:00,6,Xã Hừa Ngài,Pa Ham,Mường Chà,Điện Biên,21.862,103.216,83.2,Trung bình,Trung bình,,NCHMF
landslide_warning,nchmf-30020796-11625,2026-07-23T15:44:45+07:00,2026-07-23T15:00:00+07:00,6,Xã Huổi Lèng,Mường Tùng,Mường Chà,Điện Biên,21.9,103.096,92.4,Cao,Cao,,NCHMF
landslide_warning,nchmf-30020810-2543,2026-07-23T15:44:45+07:00,2026-07-23T15:00:00+07:00,6,Xã Lao Xả Phình,Sín Chải,Tủa Chùa,Điện Biên,22.0,103.298,72.8,Trung bình,Trung bình,,NCHMF
landslide_warning,nchmf-30020810-2543,2026-07-23T15:44:45+07:00,2026-07-23T15:00:00+07:00,6,Xã Lao Xả Phình,Sính Phình,Tủa Chùa,Điện Biên,22.0,103.298,72.8,Trung bình,Trung bình,,NCHMF
landslide_warning,nchmf-30020819-2554,2026-07-23T15:44:45+07:00,2026-07-23T15:00:00+07:00,6,Xã Lay Nưa,P. Mường Lay,TX.Mường Lay,Điện Biên,22.01,103.135,61.0,Trung bình,Trung bình,,NCHMF
landslide_warning,nchmf-30020811-2544,2026-07-23T15:44:45+07:00,2026-07-23T15:00:00+07:00,6,Xã Mường Báng,Tủa Chùa,Tủa Chùa,Điện Biên,21.831,103.344,58.0,Trung bình,Trung bình,,NCHMF
landslide_warning,nchmf-30020812-2545,2026-07-23T15:44:45+07:00,2026-07-23T15:00:00+07:00,6,Xã Mường Đun,Sáng Nhè,Tủa Chùa,Điện Biên,21.884,103.466,61.0,Trung bình,Trung bình,,NCHMF
landslide_warning,nchmf-30020816-2560,2026-07-23T15:44:45+07:00,2026-07-23T15:00:00+07:00,6,Xã Mường Mùn,Chiềng Sinh,Tuần Giáo,Điện Biên,21.731,103.334,72.0,Trung bình,Trung bình,,NCHMF
landslide_warning,nchmf-30020816-2560,2026-07-23T15:44:45+07:00,2026-07-23T15:00:00+07:00,6,Xã Mường Mùn,Mường Mùn,Tuần Giáo,Điện Biên,21.731,103.334,72.0,Trung bình,Trung bình,,NCHMF
landslide_warning,nchmf-30020797-11645,2026-07-23T15:44:45+07:00,2026-07-23T15:00:00+07:00,6,Xã Mường Mươn,Mường Pồn,Mường Chà,Điện Biên,21.638,103.066,186.4,Rất cao,Rất cao,,NCHMF
landslide_warning,nchmf-30020797-11645,2026-07-23T15:44:45+07:00,2026-07-23T15:00:00+07:00,6,Xã Mường Mươn,Na Sang,Mường Chà,Điện Biên,21.638,103.066,186.4,Rất cao,Rất cao,,NCHMF
landslide_warning,nchmf-30020802-2519,2026-07-23T15:44:45+07:00,2026-07-23T15:00:00+07:00,6,Xã Mường Nhé,Mường Nhé,Mường Nhé,Điện Biên,22.164,102.442,55.4,Trung bình,Trung bình,,NCHMF
landslide_warning,nchmf-30020790-2452,2026-07-23T15:44:45+07:00,2026-07-23T15:00:00+07:00,6,Xã Mường Pồn,Mường Pồn,Điện Biên,Điện Biên,21.551,103.01,51.8,Trung bình,Trung bình,,NCHMF
landslide_warning,nchmf-30020803-2520,2026-07-23T15:44:45+07:00,2026-07-23T15:00:00+07:00,6,Xã Mường Toong,Nậm Kè,Mường Nhé,Điện Biên,22.193,102.589,53.4,Trung bình,Trung bình,,NCHMF
landslide_warning,nchmf-30020803-2520,2026-07-23T15:44:45+07:00,2026-07-23T15:00:00+07:00,6,Xã Mường Toong,Mường Toong,Mường Nhé,Điện Biên,22.193,102.589,53.4,Trung bình,Trung bình,,NCHMF
landslide_warning,nchmf-30020798-11626,2026-07-23T15:44:45+07:00,2026-07-23T15:00:00+07:00,6,Xã Mường Tùng,Mường Tùng,Mường Chà,Điện Biên,21.981,103.061,65.6,Trung bình,Trung bình,,NCHMF
landslide_warning,nchmf-30020808-2455,2026-07-23T15:44:45+07:00,2026-07-23T15:00:00+07:00,6,Xã Nà Tấu,Nà Tấu,TP.Điện Biên Phủ,Điện Biên,21.55,103.126,83.2,Trung bình,Trung bình,,NCHMF
landslide_warning,nchmf-30020804-2521,2026-07-23T15:44:45+07:00,2026-07-23T15:00:00+07:00,6,Xã Nậm Kè,Nậm Kè,Mường Nhé,Điện Biên,22.059,102.518,78.2,Trung bình,Trung bình,,NCHMF
landslide_warning,nchmf-30020799-11642,2026-07-23T15:44:45+07:00,2026-07-23T15:00:00+07:00,6,Xã Nậm Nèn,Nậm Nèn,Mường Chà,Điện Biên,21.842,103.276,54.4,Trung bình,Trung bình,,NCHMF
landslide_warning,nchmf-30020809-2461,2026-07-23T15:44:45+07:00,2026-07-23T15:00:00+07:00,6,Xã Pá Khoang,Mường Phăng,TP.Điện Biên Phủ,Điện Biên,21.426,103.108,55.6,Trung bình,Trung bình,,NCHMF
landslide_warning,nchmf-30020809-2461,2026-07-23T15:44:45+07:00,2026-07-23T15:00:00+07:00,6,Xã Pá Khoang,Pu Nhi,TP.Điện Biên Phủ,Điện Biên,21.426,103.108,55.6,Trung bình,Trung bình,,NCHMF
landslide_warning,nchmf-30020806-2538,2026-07-23T15:44:45+07:00,2026-07-23T15:00:00+07:00,6,Xã Pa Tần,Mường Chà,Nậm Pồ,Điện Biên,22.039,102.782,53.6,Trung bình,Trung bình,,NCHMF
landslide_warning,nchmf-30020805-2524,2026-07-23T15:44:45+07:00,2026-07-23T15:00:00+07:00,6,Xã Quảng Lâm,Quảng Lâm,Mường Nhé,Điện Biên,22.023,102.629,91.0,Cao,Cao,,NCHMF
landslide_warning,nchmf-30020807-2540,2026-07-23T15:44:45+07:00,2026-07-23T15:00:00+07:00,6,Xã Si Pa Phìn,Si Pa Phìn,Nậm Pồ,Điện Biên,21.766,102.924,60.0,Trung bình,Trung bình,,NCHMF
landslide_warning,nchmf-30020813-2548,2026-07-23T15:44:45+07:00,2026-07-23T15:00:00+07:00,6,Xã Tả Phìn,Sính Phình,Tủa Chùa,Điện Biên,21.984,103.365,75.6,Trung bình,Trung bình,,NCHMF
landslide_warning,nchmf-30020814-2552,2026-07-23T15:44:45+07:00,2026-07-23T15:00:00+07:00,6,Xã Trung Thu,Sính Phình,Tủa Chùa,Điện Biên,21.934,103.284,59.8,Trung bình,Trung bình,,NCHMF
landslide_warning,nchmf-30020800-11604,2026-07-23T15:44:45+07:00,2026-07-23T15:00:00+07:00,6,Xã Xá Tổng,P. Mường Lay,Mường Chà,Điện Biên,22.001,103.217,96.4,Cao,Cao,,NCHMF
landslide_warning,nchmf-30020815-2553,2026-07-23T15:44:45+07:00,2026-07-23T15:00:00+07:00,6,Xã Xín Chải,Tủa Thàng,Tủa Chùa,Điện Biên,22.098,103.336,110.8,Cao,Cao,,NCHMF
landslide_warning,nchmf-30020815-2553,2026-07-23T15:44:45+07:00,2026-07-23T15:00:00+07:00,6,Xã Xín Chải,Sín Chải,Tủa Chùa,Điện Biên,22.098,103.336,110.8,Cao,Cao,,NCHMF
landslide_warning,nchmf-30020820-8862,2026-07-23T15:44:45+07:00,2026-07-23T15:00:00+07:00,6,Xã Cà Nàng,Mường Chiên,Quỳnh Nhai,Sơn La,21.946,103.55,62.2,Trung bình,Trung bình,,NCHMF
landslide_warning,nchmf-30020821-8864,2026-07-23T15:44:45+07:00,2026-07-23T15:00:00+07:00,6,Xã Chiềng Khay,Mường Chiên,Quỳnh Nhai,Sơn La,21.918,103.651,54.0,Trung bình,Trung bình,,NCHMF
landslide_warning,nchmf-30020822-8866,2026-07-23T15:44:45+07:00,2026-07-23T15:00:00+07:00,6,Xã Chiềng Ơn,Chiềng Lao,Quỳnh Nhai,Sơn La,21.656,103.75,54.4,Trung bình,Trung bình,,NCHMF
landslide_warning,nchmf-30020822-8866,2026-07-23T15:44:45+07:00,2026-07-23T15:00:00+07:00,6,Xã Chiềng Ơn,Quỳnh Nhai,Quỳnh Nhai,Sơn La,21.656,103.75,54.4,Trung bình,Trung bình,,NCHMF
landslide_warning,nchmf-30020823-8867,2026-07-23T15:44:45+07:00,2026-07-23T15:00:00+07:00,6,Xã Mường Chiên,Mường Chiên,Quỳnh Nhai,Sơn La,21.857,103.584,71.0,Trung bình,Trung bình,,NCHMF
landslide_warning,nchmf-30020825-8875,2026-07-23T15:44:45+07:00,2026-07-23T15:00:00+07:00,6,Xã Mường Lèo,Mường Lèo,Sốp Cộp,Sơn La,20.9,103.359,77.8,Trung bình,Trung bình,,NCHMF
landslide_warning,nchmf-30020824-8870,2026-07-23T15:44:45+07:00,2026-07-23T15:00:00+07:00,6,Xã Mường Sại,Mường Sại,Quỳnh Nhai,Sơn La,21.627,103.722,51.8,Trung bình,Trung bình,,NCHMF
landslide_warning,nchmf-30020840-7605,2026-07-23T15:44:45+07:00,2026-07-23T15:00:00+07:00,6,Phường Thọ Sơn,P. Thanh Miếu,TP.Việt Trì,Phú Thọ,21.302,105.413,61.565,Trung bình,Trung bình,,NCHMF
landslide_warning,nchmf-30020841-7609,2026-07-23T15:44:45+07:00,2026-07-23T15:00:00+07:00,6,Phường Tiên Cát,P. Việt Trì,TP.Việt Trì,Phú Thọ,21.309,105.403,57.7,Trung bình,Trung bình,,NCHMF
landslide_warning,nchmf-30020841-7609,2026-07-23T15:44:45+07:00,2026-07-23T15:00:00+07:00,6,Phường Tiên Cát,P. Thanh Miếu,TP.Việt Trì,Phú Thọ,21.309,105.403,57.7,Trung bình,Trung bình,,NCHMF
landslide_warning,nchmf-30020826-4855,2026-07-23T15:44:45+07:00,2026-07-23T15:00:00+07:00,6,Xã Cao Sơn,Cao Sơn,Đà Bắc,Phú Thọ,20.849,105.148,54.23,Trung bình,Trung bình,,NCHMF
landslide_warning,nchmf-30020829-11343,2026-07-23T15:44:45+07:00,2026-07-23T15:00:00+07:00,6,Xã Cao Sơn,Liên Sơn,Lương Sơn,Phú Thọ,20.841,105.468,117.4,Cao,Cao,,NCHMF
landslide_warning,nchmf-30020829-11343,2026-07-23T15:44:45+07:00,2026-07-23T15:00:00+07:00,6,Xã Cao Sơn,Lương Sơn,Lương Sơn,Phú Thọ,20.841,105.468,117.4,Cao,Cao,,NCHMF
landslide_warning,nchmf-30020830-4975,2026-07-23T15:44:45+07:00,2026-07-23T15:00:00+07:00,6,Xã Cư Yên,Liên Sơn,Lương Sơn,Phú Thọ,20.834,105.554,67.4,Trung bình,Trung bình,,NCHMF
landslide_warning,nchmf-30020828-7417,2026-07-23T15:44:45+07:00,2026-07-23T15:00:00+07:00,6,Xã Đại Phạm,Đan Thượng,Hạ Hoà,Phú Thọ,21.665,105.005,53.8,Trung bình,Trung bình,,NCHMF
landslide_warning,nchmf-30020837-7490,2026-07-23T15:44:45+07:00,2026-07-23T15:00:00+07:00,6,Xã Dị Nậu,Thọ Văn,Tam Nông,Phú Thọ,21.241,105.259,57.2,Trung bình,Trung bình,,NCHMF
landslide_warning,nchmf-30020839-4890,2026-07-23T15:44:45+07:00,2026-07-23T15:00:00+07:00,6,Xã Độc Lập,P. Kỳ Sơn,TP.Hòa Bình,Phú Thọ,20.822,105.402,111.4,Cao,Cao,,NCHMF
landslide_warning,nchmf-30020839-4890,2026-07-23T15:44:45+07:00,2026-07-23T15:00:00+07:00,6,Xã Độc Lập,Lương Sơn,TP.Hòa Bình,Phú Thọ,20.822,105.402,111.4,Cao,Cao,,NCHMF
landslide_warning,nchmf-30020831-4979,2026-07-23T15:44:45+07:00,2026-07-23T15:00:00+07:00,6,Xã Hòa Sơn,Lương Sơn,Lương Sơn,Phú Thọ,20.906,105.548,62.2,Trung bình,Trung bình,,NCHMF
landslide_warning,nchmf-30020832-4980,2026-07-23T15:44:45+07:00,2026-07-23T15:00:00+07:00,6,Xã Lâm Sơn,Lương Sơn,Lương Sơn,Phú Thọ,20.911,105.482,104.8,Cao,Cao,,NCHMF
landslide_warning,nchmf-30020836-10912,2026-07-23T15:44:45+07:00,2026-07-23T15:00:00+07:00,6,Xã Minh Quang,Tam Đảo,Tam Đảo,Phú Thọ,21.402,105.651,56.1,Trung bình,Trung bình,,NCHMF
landslide_warning,nchmf-30020833-4984,2026-07-23T15:44:45+07:00,2026-07-23T15:00:00+07:00,6,Xã Nhuận Trạch,Lương Sơn,Lương Sơn,Phú Thọ,20.864,105.56,53.948,Trung bình,Trung bình,,NCHMF
landslide_warning,nchmf-30020833-4984,2026-07-23T15:44:45+07:00,2026-07-23T15:00:00+07:00,6,Xã Nhuận Trạch,Liên Sơn,Lương Sơn,Phú Thọ,20.864,105.56,53.948,Trung bình,Trung bình,,NCHMF
landslide_warning,nchmf-30020827-4868,2026-07-23T15:44:45+07:00,2026-07-23T15:00:00+07:00,6,Xã Tân Pheo,Tân Pheo,Đà Bắc,Phú Thọ,20.983,105.041,100.8,Cao,Cao,,NCHMF
landslide_warning,nchmf-30020834-4986,2026-07-23T15:44:45+07:00,2026-07-23T15:00:00+07:00,6,Xã Tân Vinh,Lương Sơn,Lương Sơn,Phú Thọ,20.863,105.509,54.261,Trung bình,Trung bình,,NCHMF
landslide_warning,nchmf-30020842-7610,2026-07-23T15:44:45+07:00,2026-07-23T15:00:00+07:00,6,Xã Trưng Vương,Sơn Đông,TP.Việt Trì,Phú Thọ,21.325,105.422,60.8,Trung bình,Trung bình,,NCHMF
landslide_warning,nchmf-30020842-7610,2026-07-23T15:44:45+07:00,2026-07-23T15:00:00+07:00,6,Xã Trưng Vương,P. Việt Trì,TP.Việt Trì,Phú Thọ,21.325,105.422,60.8,Trung bình,Trung bình,,NCHMF
landslide_warning,nchmf-30020835-5014,2026-07-23T15:44:45+07:00,2026-07-23T15:00:00+07:00,6,Xã Vạn Mai,Mai Hạ,Mai Châu,Phú Thọ,20.586,105.042,88.43,Trung bình,Trung bình,,NCHMF
landslide_warning,nchmf-30020838-7573,2026-07-23T15:44:45+07:00,2026-07-23T15:00:00+07:00,6,Xã Yên Lương,Hương Cần,Thanh Sơn,Phú Thọ,20.981,105.236,59.6,Trung bình,Trung bình,,NCHMF
landslide_warning,nchmf-30020847-11161,2026-07-23T15:44:45+07:00,2026-07-23T15:00:00+07:00,6,Thị trấn Yên Bình,Yên Bình,Yên Bình,Lào Cai,21.751,104.974,50.2,Trung bình,Trung bình,,NCHMF
landslide_warning,nchmf-30020847-11161,2026-07-23T15:44:45+07:00,2026-07-23T15:00:00+07:00,6,Thị trấn Yên Bình,Thác Bà,Yên Bình,Lào Cai,21.751,104.974,50.2,Trung bình,Trung bình,,NCHMF
landslide_warning,nchmf-30020846-11066,2026-07-23T15:44:45+07:00,2026-07-23T15:00:00+07:00,6,Xã Chấn Thịnh,Chấn Thịnh,Văn Chấn,Lào Cai,21.493,104.849,89.2,Trung bình,Trung bình,,NCHMF
landslide_warning,nchmf-30020843-6101,2026-07-23T15:44:45+07:00,2026-07-23T15:00:00+07:00,6,Xã Nghĩa Đô,Nghĩa Đô,Bảo Yên,Lào Cai,22.404,104.46,94.8,Cao,Cao,,NCHMF
landslide_warning,nchmf-30020844-6104,2026-07-23T15:44:45+07:00,2026-07-23T15:00:00+07:00,6,Xã Tân Tiến,Nghĩa Đô,Bảo Yên,Lào Cai,22.445,104.426,54.8,Trung bình,Trung bình,,NCHMF
landslide_warning,nchmf-30020848-11153,2026-07-23T15:44:45+07:00,2026-07-23T15:00:00+07:00,6,Xã Thịnh Hưng,Thác Bà,Yên Bình,Lào Cai,21.71,105.003,106.4,Cao,Cao,,NCHMF
landslide_warning,nchmf-30020849-11157,2026-07-23T15:44:45+07:00,2026-07-23T15:00:00+07:00,6,Xã Vĩnh Kiên,Thác Bà,Yên Bình,Lào Cai,21.773,105.028,50.2,Trung bình,Trung bình,,NCHMF
landslide_warning,nchmf-30020845-6107,2026-07-23T15:44:45+07:00,2026-07-23T15:00:00+07:00,6,Xã Vĩnh Yên,Nghĩa Đô,Bảo Yên,Lào Cai,22.367,104.502,79.0,Trung bình,Trung bình,,NCHMF
landslide_warning,nchmf-30020862-10700,2026-07-23T15:44:45+07:00,2026-07-23T15:00:00+07:00,6,Phường Minh Xuân,P. Minh Xuân,TP.Tuyên Quang,Tuyên Quang,21.826,105.217,74.8,Trung bình,Trung bình,,NCHMF
landslide_warning,nchmf-30020863-10701,2026-07-23T15:44:45+07:00,2026-07-23T15:00:00+07:00,6,Phường Nông Tiến,P. Nông Tiến,TP.Tuyên Quang,Tuyên Quang,21.828,105.236,53.06,Trung bình,Trung bình,,NCHMF
landslide_warning,nchmf-30020858-3816,2026-07-23T15:44:45+07:00,2026-07-23T15:00:00+07:00,6,Thị trấn Yên Bình,Quang Bình,Quang Bình,Tuyên Quang,22.401,104.584,80.0,Trung bình,Trung bình,,NCHMF
landslide_warning,nchmf-30020850-3697,2026-07-23T15:44:45+07:00,2026-07-23T15:00:00+07:00,6,Thị trấn Yên Phú,Giáp Trung,Bắc Mê,Tuyên Quang,22.761,105.343,50.8,Trung bình,Trung bình,,NCHMF
landslide_warning,nchmf-30020850-3697,2026-07-23T15:44:45+07:00,2026-07-23T15:00:00+07:00,6,Thị trấn Yên Phú,Bắc Mê,Bắc Mê,Tuyên Quang,22.761,105.343,50.8,Trung bình,Trung bình,,NCHMF
landslide_warning,nchmf-30020859-3804,2026-07-23T15:44:45+07:00,2026-07-23T15:00:00+07:00,6,Xã Bản Rịa,Yên Thành,Quang Bình,Tuyên Quang,22.449,104.484,56.0,Trung bình,Trung bình,,NCHMF
landslide_warning,nchmf-30020857-3794,2026-07-23T15:44:45+07:00,2026-07-23T15:00:00+07:00,6,Xã Đông Hà,Lùng Tám,Quản Bạ,Tuyên Quang,23.027,105.042,72.8,Trung bình,Trung bình,,NCHMF
landslide_warning,nchmf-30020857-3794,2026-07-23T15:44:45+07:00,2026-07-23T15:00:00+07:00,6,Xã Đông Hà,Quản Bạ,Quản Bạ,Tuyên Quang,23.027,105.042,72.8,Trung bình,Trung bình,,NCHMF
landslide_warning,nchmf-30020857-3794,2026-07-23T15:44:45+07:00,2026-07-23T15:00:00+07:00,6,Xã Đông Hà,Cán Tỷ,Quản Bạ,Tuyên Quang,23.027,105.042,72.8,Trung bình,Trung bình,,NCHMF
landslide_warning,nchmf-30020851-3687,2026-07-23T15:44:45+07:00,2026-07-23T15:00:00+07:00,6,Xã Giáp Trung,Giáp Trung,Bắc Mê,Tuyên Quang,22.805,105.298,94.6,Cao,Cao,,NCHMF
landslide_warning,nchmf-30020851-3687,2026-07-23T15:44:45+07:00,2026-07-23T15:00:00+07:00,6,Xã Giáp Trung,Bắc Mê,Bắc Mê,Tuyên Quang,22.805,105.298,94.6,Cao,Cao,,NCHMF
landslide_warning,nchmf-30020855-10651,2026-07-23T15:44:45+07:00,2026-07-23T15:00:00+07:00,6,Xã Hồng Thái,Yên Hoa,Na Hang,Tuyên Quang,22.534,105.573,52.6,Trung bình,Trung bình,,NCHMF
landslide_warning,nchmf-30020855-10651,2026-07-23T15:44:45+07:00,2026-07-23T15:00:00+07:00,6,Xã Hồng Thái,Hồng Thái,Na Hang,Tuyên Quang,22.534,105.573,52.6,Trung bình,Trung bình,,NCHMF
landslide_warning,nchmf-30020852-3688,2026-07-23T15:44:45+07:00,2026-07-23T15:00:00+07:00,6,Xã Lạc Nông,Bắc Mê,Bắc Mê,Tuyên Quang,22.744,105.254,81.8,Trung bình,Trung bình,,NCHMF
landslide_warning,nchmf-30020864-3825,2026-07-23T15:44:45+07:00,2026-07-23T15:00:00+07:00,6,Xã Linh Hồ,Linh Hồ,Vị Xuyên,Tuyên Quang,22.699,105.081,62.6,Trung bình,Trung bình,,NCHMF
landslide_warning,nchmf-30020853-3690,2026-07-23T15:44:45+07:00,2026-07-23T15:00:00+07:00,6,Xã Minh Sơn,Minh Sơn,Bắc Mê,Tuyên Quang,22.848,105.208,57.6,Trung bình,Trung bình,,NCHMF
landslide_warning,nchmf-30020867-10719,2026-07-23T15:44:45+07:00,2026-07-23T15:00:00+07:00,6,Xã Mỹ Bằng,P. Mỹ Lâm,Yên Sơn,Tuyên Quang,21.765,105.085,54.6,Trung bình,Trung bình,,NCHMF
landslide_warning,nchmf-30020866-3873,2026-07-23T15:44:45+07:00,2026-07-23T15:00:00+07:00,6,Xã Ngọc Long,Ngọc Long,Yên Minh,Tuyên Quang,22.991,105.325,64.6,Trung bình,Trung bình,,NCHMF
landslide_warning,nchmf-30020866-3873,2026-07-23T15:44:45+07:00,2026-07-23T15:00:00+07:00,6,Xã Ngọc Long,Mậu Duệ,Yên Minh,Tuyên Quang,22.991,105.325,64.6,Trung bình,Trung bình,,NCHMF
landslide_warning,nchmf-30020856-10656,2026-07-23T15:44:45+07:00,2026-07-23T15:00:00+07:00,6,Xã Sơn Phú,Hồng Thái,Na Hang,Tuyên Quang,22.379,105.475,86.4,Trung bình,Trung bình,,NCHMF
landslide_warning,nchmf-30020860-3809,2026-07-23T15:44:45+07:00,2026-07-23T15:00:00+07:00,6,Xã Tân Nam,Tiên Nguyên,Quang Bình,Tuyên Quang,22.492,104.595,58.0,Trung bình,Trung bình,,NCHMF
landslide_warning,nchmf-30020860-3809,2026-07-23T15:44:45+07:00,2026-07-23T15:00:00+07:00,6,Xã Tân Nam,Quang Bình,Quang Bình,Tuyên Quang,22.492,104.595,58.0,Trung bình,Trung bình,,NCHMF
landslide_warning,nchmf-30020865-3834,2026-07-23T15:44:45+07:00,2026-07-23T15:00:00+07:00,6,Xã Thanh Đức,Thanh Thủy,Vị Xuyên,Tuyên Quang,22.891,104.791,54.8,Trung bình,Trung bình,,NCHMF
landslide_warning,nchmf-30020865-3834,2026-07-23T15:44:45+07:00,2026-07-23T15:00:00+07:00,6,Xã Thanh Đức,Lao Chải,Vị Xuyên,Tuyên Quang,22.891,104.791,54.8,Trung bình,Trung bình,,NCHMF
landslide_warning,nchmf-30020861-3811,2026-07-23T15:44:45+07:00,2026-07-23T15:00:00+07:00,6,Xã Tiên Nguyên,Hồ Thầu,Quang Bình,Tuyên Quang,22.501,104.685,70.8,Trung bình,Trung bình,,NCHMF
landslide_warning,nchmf-30020861-3811,2026-07-23T15:44:45+07:00,2026-07-23T15:00:00+07:00,6,Xã Tiên Nguyên,Tiên Nguyên,Quang Bình,Tuyên Quang,22.501,104.685,70.8,Trung bình,Trung bình,,NCHMF
landslide_warning,nchmf-30020868-10734,2026-07-23T15:44:45+07:00,2026-07-23T15:00:00+07:00,6,Xã Trung Môn,P. Minh Xuân,Yên Sơn,Tuyên Quang,21.829,105.17,53.8,Trung bình,Trung bình,,NCHMF
landslide_warning,nchmf-30020868-10734,2026-07-23T15:44:45+07:00,2026-07-23T15:00:00+07:00,6,Xã Trung Môn,Yên Sơn,Yên Sơn,Tuyên Quang,21.829,105.17,53.8,Trung bình,Trung bình,,NCHMF
landslide_warning,nchmf-30020854-10622,2026-07-23T15:44:45+07:00,2026-07-23T15:00:00+07:00,6,Xã Yên Nguyên,Yên Nguyên,Chiêm Hóa,Tuyên Quang,22.054,105.182,57.6,Trung bình,Trung bình,,NCHMF
landslide_warning,nchmf-30020888-9612,2026-07-23T15:44:45+07:00,2026-07-23T15:00:00+07:00,6,Thị trấn Đu,Phú Lương,Phú Lương,Thái Nguyên,21.732,105.705,92.4,Cao,Cao,,NCHMF
landslide_warning,nchmf-30020882-9560,2026-07-23T15:44:45+07:00,2026-07-23T15:00:00+07:00,6,Thị trấn Hóa Thượng,Đồng Hỷ,Đồng Hỷ,Thái Nguyên,21.649,105.824,75.2,Trung bình,Trung bình,,NCHMF
landslide_warning,nchmf-30020880-9525,2026-07-23T15:44:45+07:00,2026-07-23T15:00:00+07:00,6,Thị trấn Quân Chu,Quân Chu,Đại Từ,Thái Nguyên,21.471,105.682,52.0,Trung bình,Trung bình,,NCHMF
landslide_warning,nchmf-30020883-9566,2026-07-23T15:44:45+07:00,2026-07-23T15:00:00+07:00,6,Thị trấn Sông Cầu,Quang Sơn,Đồng Hỷ,Thái Nguyên,21.678,105.868,72.4,Trung bình,Trung bình,,NCHMF
landslide_warning,nchmf-30020883-9566,2026-07-23T15:44:45+07:00,2026-07-23T15:00:00+07:00,6,Thị trấn Sông Cầu,Đồng Hỷ,Đồng Hỷ,Thái Nguyên,21.678,105.868,72.4,Trung bình,Trung bình,,NCHMF
landslide_warning,nchmf-30020883-9566,2026-07-23T15:44:45+07:00,2026-07-23T15:00:00+07:00,6,Thị trấn Sông Cầu,Văn Hán,Đồng Hỷ,Thái Nguyên,21.678,105.868,72.4,Trung bình,Trung bình,,NCHMF
landslide_warning,nchmf-30020886-558,2026-07-23T15:44:45+07:00,2026-07-23T15:00:00+07:00,6,Thị trấn Vân Tùng,Ngân Sơn,Ngân Sơn,Thái Nguyên,22.434,105.991,85.6,Trung bình,Trung bình,,NCHMF
landslide_warning,nchmf-30020875-488,2026-07-23T15:44:45+07:00,2026-07-23T15:00:00+07:00,6,Xã Bản Thi,Yên Thịnh,Chợ Đồn,Thái Nguyên,22.251,105.51,60.6,Trung bình,Trung bình,,NCHMF
landslide_warning,nchmf-30020869-472,2026-07-23T15:44:45+07:00,2026-07-23T15:00:00+07:00,6,Xã Bành Trạch,Phúc Lộc,Ba Bể,Thái Nguyên,22.484,105.786,82.4,Trung bình,Trung bình,,NCHMF
landslide_warning,nchmf-30020887-563,2026-07-23T15:44:45+07:00,2026-07-23T15:00:00+07:00,6,Xã Cao Tân,Cao Minh,Pác Nặm,Thái Nguyên,22.517,105.639,63.8,Trung bình,Trung bình,,NCHMF
landslide_warning,nchmf-30020881-9507,2026-07-23T15:44:45+07:00,2026-07-23T15:00:00+07:00,6,Xã Cù Vân,Vô Tranh,Đại Từ,Thái Nguyên,21.636,105.728,60.4,Trung bình,Trung bình,,NCHMF
landslide_warning,nchmf-30020881-9507,2026-07-23T15:44:45+07:00,2026-07-23T15:00:00+07:00,6,Xã Cù Vân,An Khánh,Đại Từ,Thái Nguyên,21.636,105.728,60.4,Trung bình,Trung bình,,NCHMF
landslide_warning,nchmf-30020876-494,2026-07-23T15:44:45+07:00,2026-07-23T15:00:00+07:00,6,Xã Đồng Lạc,Quảng Bạch,Chợ Đồn,Thái Nguyên,22.312,105.585,97.4,Cao,Cao,,NCHMF
landslide_warning,nchmf-30020876-494,2026-07-23T15:44:45+07:00,2026-07-23T15:00:00+07:00,6,Xã Đồng Lạc,Nam Cường,Chợ Đồn,Thái Nguyên,22.312,105.585,97.4,Cao,Cao,,NCHMF
landslide_warning,nchmf-30020873-458,2026-07-23T15:44:45+07:00,2026-07-23T15:00:00+07:00,6,Xã Dương Phong,Bạch Thông,Bạch Thông,Thái Nguyên,22.122,105.705,54.2,Trung bình,Trung bình,,NCHMF
landslide_warning,nchmf-30020884-9561,2026-07-23T15:44:45+07:00,2026-07-23T15:00:00+07:00,6,Xã Hóa Trung,Đồng Hỷ,Đồng Hỷ,Thái Nguyên,21.673,105.843,60.03,Trung bình,Trung bình,,NCHMF
landslide_warning,nchmf-30020870-481,2026-07-23T15:44:45+07:00,2026-07-23T15:00:00+07:00,6,Xã Khang Ninh,Ba Bể,Ba Bể,Thái Nguyên,22.428,105.656,63.2,Trung bình,Trung bình,,NCHMF
landslide_warning,nchmf-30020877-496,2026-07-23T15:44:45+07:00,2026-07-23T15:00:00+07:00,6,Xã Lương Bằng,Nghĩa Tá,Chợ Đồn,Thái Nguyên,22.097,105.502,50.4,Trung bình,Trung bình,,NCHMF
landslide_warning,nchmf-30020871-482,2026-07-23T15:44:45+07:00,2026-07-23T15:00:00+07:00,6,Xã Mỹ Phương,Thượng Minh,Ba Bể,Thái Nguyên,22.324,105.832,102.1,Cao,Cao,,NCHMF
landslide_warning,nchmf-30020878-497,2026-07-23T15:44:45+07:00,2026-07-23T15:00:00+07:00,6,Xã Nam Cường,Nam Cường,Chợ Đồn,Thái Nguyên,22.359,105.612,94.6,Cao,Cao,,NCHMF
landslide_warning,nchmf-30020889-9616,2026-07-23T15:44:45+07:00,2026-07-23T15:00:00+07:00,6,Xã Phấn Mễ,Phú Lạc,Phú Lương,Thái Nguyên,21.693,105.707,50.2,Trung bình,Trung bình,,NCHMF
landslide_warning,nchmf-30020889-9616,2026-07-23T15:44:45+07:00,2026-07-23T15:00:00+07:00,6,Xã Phấn Mễ,Phú Lương,Phú Lương,Thái Nguyên,21.693,105.707,50.2,Trung bình,Trung bình,,NCHMF
landslide_warning,nchmf-30020890-9650,2026-07-23T15:44:45+07:00,2026-07-23T15:00:00+07:00,6,Xã Phúc Trìu,Đại Phúc,TP.Thái Nguyên,Thái Nguyên,21.559,105.743,81.5,Trung bình,Trung bình,,NCHMF
landslide_warning,nchmf-30020885-9571,2026-07-23T15:44:45+07:00,2026-07-23T15:00:00+07:00,6,Xã Văn Lăng,Văn Lăng,Đồng Hỷ,Thái Nguyên,21.795,105.826,51.2,Trung bình,Trung bình,,NCHMF
landslide_warning,nchmf-30020874-471,2026-07-23T15:44:45+07:00,2026-07-23T15:00:00+07:00,6,Xã Vũ Muộn,Vĩnh Thông,Bạch Thông,Thái Nguyên,22.251,105.958,52.6,Trung bình,Trung bình,,NCHMF
landslide_warning,nchmf-30020879-505,2026-07-23T15:44:45+07:00,2026-07-23T15:00:00+07:00,6,Xã Xuân Lạc,Nam Cường,Chợ Đồn,Thái Nguyên,22.354,105.543,59.8,Trung bình,Trung bình,,NCHMF
landslide_warning,nchmf-30020872-487,2026-07-23T15:44:45+07:00,2026-07-23T15:00:00+07:00,6,Xã Yến Dương,Thượng Minh,Ba Bể,Thái Nguyên,22.384,105.774,50.0,Trung bình,Trung bình,,NCHMF
landslide_warning,nchmf-30020893-1806,2026-07-23T15:44:45+07:00,2026-07-23T15:00:00+07:00,6,Xã Đàm Thuỷ,Đàm Thủy,Trùng Khánh,Cao Bằng,22.85,106.699,56.4,Trung bình,Trung bình,,NCHMF
landslide_warning,nchmf-30020892-1714,2026-07-23T15:44:45+07:00,2026-07-23T15:00:00+07:00,6,Xã Nguyễn Huệ,Nguyễn Huệ,Hoà An,Cao Bằng,22.682,106.334,72.8,Trung bình,Trung bình,,NCHMF
landslide_warning,nchmf-30020891-1652,2026-07-23T15:44:45+07:00,2026-07-23T15:00:00+07:00,6,Xã Vĩnh Quang,Lý Bôn,Bảo Lâm,Cao Bằng,22.888,105.595,54.4,Trung bình,Trung bình,,NCHMF
landslide_warning,nchmf-30020904-394,2026-07-23T15:44:45+07:00,2026-07-23T15:00:00+07:00,6,Phường Bích Động,P. Vân Hà,TX.Việt Yên,Bắc Ninh,21.276,106.101,75.0,Trung bình,Trung bình,,NCHMF
landslide_warning,nchmf-30020904-394,2026-07-23T15:44:45+07:00,2026-07-23T15:00:00+07:00,6,Phường Bích Động,P. Tự Lạn,TX.Việt Yên,Bắc Ninh,21.276,106.101,75.0,Trung bình,Trung bình,,NCHMF
landslide_warning,nchmf-30020904-394,2026-07-23T15:44:45+07:00,2026-07-23T15:00:00+07:00,6,Phường Bích Động,P. Việt Yên,TX.Việt Yên,Bắc Ninh,21.276,106.101,75.0,Trung bình,Trung bình,,NCHMF
landslide_warning,nchmf-30020894-11380,2026-07-23T15:44:45+07:00,2026-07-23T15:00:00+07:00,6,Trường bắn Quốc gia Khu vực 1,Biên Sơn,Lục Ngạn,Bắc Ninh,21.469,106.778,76.415,,Trung bình,,NCHMF
landslide_warning,nchmf-30020895-315,2026-07-23T15:44:45+07:00,2026-07-23T15:00:00+07:00,6,Xã Biển Động,Biển Động,Lục Ngạn,Bắc Ninh,21.389,106.756,111.806,Cao,Cao,,NCHMF
landslide_warning,nchmf-30020896-320,2026-07-23T15:44:45+07:00,2026-07-23T15:00:00+07:00,6,Xã Đồng Cốc,Lục Ngạn,Lục Ngạn,Bắc Ninh,21.363,106.694,102.759,Cao,Cao,,NCHMF
landslide_warning,nchmf-30020897-327,2026-07-23T15:44:45+07:00,2026-07-23T15:00:00+07:00,6,Xã Kim Sơn,Biển Động,Lục Ngạn,Bắc Ninh,21.416,106.746,123.284,Cao,Cao,,NCHMF
landslide_warning,nchmf-30020897-327,2026-07-23T15:44:45+07:00,2026-07-23T15:00:00+07:00,6,Xã Kim Sơn,Biên Sơn,Lục Ngạn,Bắc Ninh,21.416,106.746,123.284,Cao,Cao,,NCHMF
landslide_warning,nchmf-30020898-331,2026-07-23T15:44:45+07:00,2026-07-23T15:00:00+07:00,6,Xã Phì Điền,Lục Ngạn,Lục Ngạn,Bắc Ninh,21.397,106.685,139.577,Cao,Cao,,NCHMF
landslide_warning,nchmf-30020899-332,2026-07-23T15:44:45+07:00,2026-07-23T15:00:00+07:00,6,Xã Phong Minh,Sa Lý,Lục Ngạn,Bắc Ninh,21.542,106.721,90.538,Cao,Cao,,NCHMF
landslide_warning,nchmf-30020900-333,2026-07-23T15:44:45+07:00,2026-07-23T15:00:00+07:00,6,Xã Phong Vân,Biên Sơn,Lục Ngạn,Bắc Ninh,21.523,106.662,57.18,Trung bình,Trung bình,,NCHMF
landslide_warning,nchmf-30020901-334,2026-07-23T15:44:45+07:00,2026-07-23T15:00:00+07:00,6,Xã Phú Nhuận,Biển Động,Lục Ngạn,Bắc Ninh,21.344,106.728,85.477,Trung bình,Trung bình,,NCHMF
landslide_warning,nchmf-30020902-338,2026-07-23T15:44:45+07:00,2026-07-23T15:00:00+07:00,6,Xã Tân Hoa,Lục Ngạn,Lục Ngạn,Bắc Ninh,21.395,106.713,,Cao,Cao,,NCHMF
landslide_warning,nchmf-30020903-392,2026-07-23T15:44:45+07:00,2026-07-23T15:00:00+07:00,6,Xã Việt Lập,Tân Yên,Tân Yên,Bắc Ninh,21.354,106.147,77.6,Trung bình,Trung bình,,NCHMF
landslide_warning,nchmf-30020905-5529,2026-07-23T15:44:45+07:00,2026-07-23T15:00:00+07:00,6,Xã Ia Tơi,Ia Tơi,Ia H' Drai,Quảng Ngãi,14.03,107.525,64.89,Trung bình,Trung bình,,NCHMF
landslide_warning,nchmf-30020907-2692,2026-07-23T15:44:45+07:00,2026-07-23T15:00:00+07:00,6,Xã Ia Grăng,Ia Grai,Ia Grai,Gia Lai,14.009,107.734,53.69,Trung bình,Trung bình,,NCHMF
landslide_warning,nchmf-30020906-2662,2026-07-23T15:44:45+07:00,2026-07-23T15:00:00+07:00,6,Xã Ia Nan,Ia Nan,Đức Cơ,Gia Lai,13.726,107.576,65.64,Trung bình,Trung bình,,NCHMF
landslide_warning,nchmf-30020908-1099,2026-07-23T15:44:45+07:00,2026-07-23T15:00:00+07:00,6,Xã Vĩnh Hảo,Vĩnh Thạnh,Vĩnh Thạnh,Gia Lai,14.187,108.718,70.1,Trung bình,Trung bình,,NCHMF
landslide_warning,nchmf-30020910-1972,2026-07-23T15:44:45+07:00,2026-07-23T15:00:00+07:00,6,Xã Buôn Tría,Đắk Liêng,Lắk,Đắk Lắk,12.386,108.117,80.07,Trung bình,Trung bình,,NCHMF
landslide_warning,nchmf-30020911-1973,2026-07-23T15:44:45+07:00,2026-07-23T15:00:00+07:00,6,Xã Đắk Liêng,Đắk Liêng,Lắk,Đắk Lắk,12.413,108.144,58.012,Trung bình,Trung bình,,NCHMF
landslide_warning,nchmf-30020909-1918,2026-07-23T15:44:45+07:00,2026-07-23T15:00:00+07:00,6,Xã Ea Bông,Ea Na,Krông A Na,Đắk Lắk,12.532,108.067,51.16,Trung bình,Trung bình,,NCHMF
landslide_warning,nchmf-30020912-1977,2026-07-23T15:44:45+07:00,2026-07-23T15:00:00+07:00,6,Xã Krông Nô,Krông Nô,Lắk,Đắk Lắk,12.237,108.209,50.59,Trung bình,Trung bình,,NCHMF
landslide_warning,nchmf-30020913-7675,2026-07-23T15:44:45+07:00,2026-07-23T15:00:00+07:00,6,Xã Xuân Cảnh,Xuân Cảnh,TX.Sông Cầu,Đắk Lắk,13.554,109.254,54.2,Trung bình,Trung bình,,NCHMF
landslide_warning,nchmf-30020916-6028,2026-07-23T15:44:45+07:00,2026-07-23T15:00:00+07:00,6,Thị trấn Di Linh,Di Linh,Di Linh,Lâm Đồng,11.589,108.069,76.0,Trung bình,Trung bình,,NCHMF
landslide_warning,nchmf-30020917-6027,2026-07-23T15:44:45+07:00,2026-07-23T15:00:00+07:00,6,Xã Bảo Thuận,Bảo Thuận,Di Linh,Lâm Đồng,11.447,108.14,58.94,Trung bình,Trung bình,,NCHMF
landslide_warning,nchmf-30020915-6021,2026-07-23T15:44:45+07:00,2026-07-23T15:00:00+07:00,6,Xã Đạ M' Rong,Đam Rông 4,Đam Rông,Lâm Đồng,12.117,108.241,82.05,Trung bình,Trung bình,,NCHMF
landslide_warning,nchmf-30020915-6021,2026-07-23T15:44:45+07:00,2026-07-23T15:00:00+07:00,6,Xã Đạ M' Rong,Đam Rông 3,Đam Rông,Lâm Đồng,12.117,108.241,82.05,Trung bình,Trung bình,,NCHMF
landslide_warning,nchmf-30020918-1375,2026-07-23T15:44:45+07:00,2026-07-23T15:00:00+07:00,6,Xã Mương Mán,Hàm Kiệm,Hàm Thuận Nam,Lâm Đồng,10.97,107.994,85.7,Trung bình,Trung bình,,NCHMF
landslide_warning,nchmf-30020914-2048,2026-07-23T15:44:45+07:00,2026-07-23T15:00:00+07:00,6,Xã Quảng Hoà,Quảng Sơn,Đăk Glong,Lâm Đồng,12.163,108.054,78.11,Trung bình,Trung bình,,NCHMF
landslide_warning,nchmf-30020914-2048,2026-07-23T15:44:45+07:00,2026-07-23T15:00:00+07:00,6,Xã Quảng Hoà,Quảng Hòa,Đăk Glong,Lâm Đồng,12.163,108.054,78.11,Trung bình,Trung bình,,NCHMF
